num_vertices,t_total,t_cpu,t_min_from_cluster_kernel,t_min_to_cluster_kernel,t_DtoH,t_HtoD
2048,677.266174,5,129.66,6.5060,3.7902,1.2569
4096,1261.675537,13,242.91,11.821,7.7815,2.6329
8192,2318.323975,28,470.67,27.685,25.376,5.3608
16384,4634.119629,58,1136.48,55.050,46.699,10.786
32768,10968.557617,117,2624.06,94.399,90.767,21.093
65536,28000.052734,253,7185.72,270.14,202.00,42.667
