num_vertices,t_total,t_cpu,t_min_from_cluster_kernel,t_min_to_cluster_kernel,t_DtoH,t_HtoD
2048,958.713562,5,496.12,161.22,3.5939,1.2588
4096,1277.566650,12,1012.87,220.71,7.7829,2.5739
8192,2357.721436,28,2012.67,278.13,20.146,5.3161
16384,4561.862793,61,4057.10,357.32,50.006,10.874
32768,11358.807617,120,10573.9,498.58,93.971,21.459
65536,28875.576172,244,26255.1,2048.72,183.49,42.572





